{
    "content": "",
    "username": "Welcome to N3FS!",
    "avatar_url": "https://n3fs.co.uk/assets/images/logo.png",
    "embeds": [
        {
            "title": "Welcome to the N3FS Discord Server!",
            "description": "This is the Discord server for the N3FS! You can chat with other players (even those in-game), or ~~ab~~use our friendly bots to ~~shitpost and play memes in voice chat~~ do useful things like playing decent music and not shitposting.",
            "color": 14692657
        }
    ]
}