{
    "content": "",
    "username": "Welcome to N3FS!",
    "avatar_url": "https://n3fs.co.uk/assets/images/logo.png",
    "embeds": [
        {
            "title": "Rules",
            "description": "Please take some time to review [our rules](https://n3fs.co.uk/rules).\n\nIn summary: \n• Do not be offensive.\n• Do not annoy others.\n• Do not attempt to break anything or bypass permissions.\n• Do not advertise or spam.\n• Do not use hacks, mods, or other tools to gain an advantage over others.\n• Do not backseat moderate.\n• Follow staff instructions.\n\n[The full set of server rules can be found on our website.](https://n3fs.co.uk/rules)\n\nIf you were banned from one of our servers, please read the [ban appeal instructions](https://n3fs.co.uk/help/ban-appeal).",
            "color": 14692657
        }
    ]
}